[
{
  "model": "shop.series",
  "pk": 1,
  "fields": {
    "name": "Harry Potter"
  }
},
{
  "model": "shop.series",
  "pk": 2,
  "fields": {
    "name": "The Witcher"
  }
},
{
  "model": "shop.genre",
  "pk": 1,
  "fields": {
    "name": "Fantasy"
  }
},
{
  "model": "shop.genre",
  "pk": 2,
  "fields": {
    "name": "Detective"
  }
},
{
  "model": "shop.genre",
  "pk": 3,
  "fields": {
    "name": "Psychological Thriller"
  }
},
{
  "model": "shop.genre",
  "pk": 4,
  "fields": {
    "name": "Unreliable Narrator"
  }
},
{
  "model": "shop.genre",
  "pk": 5,
  "fields": {
    "name": "Whodunit"
  }
},
{
  "model": "shop.genre",
  "pk": 8,
  "fields": {
    "name": "Adventure"
  }
},
{
  "model": "shop.genre",
  "pk": 10,
  "fields": {
    "name": "Drama"
  }
},
{
  "model": "shop.genre",
  "pk": 13,
  "fields": {
    "name": "Military fiction"
  }
},
{
  "model": "shop.genre",
  "pk": 14,
  "fields": {
    "name": "Magic"
  }
},
{
  "model": "shop.genre",
  "pk": 15,
  "fields": {
    "name": "War"
  }
},
{
  "model": "shop.genre",
  "pk": 16,
  "fields": {
    "name": "Hero's journey"
  }
},
{
  "model": "shop.genre",
  "pk": 19,
  "fields": {
    "name": "Philosophy"
  }
},
{
  "model": "shop.genre",
  "pk": 21,
  "fields": {
    "name": "Action"
  }
},
{
  "model": "shop.author",
  "pk": 1,
  "fields": {
    "name": "J.K. Rowling",
    "description": "One of the most successful British authors in history, the creator of the monumental «Harry Potter» fantasy series, a 7-book masterpiece with a global circulation exceeding 600 million copies.\r\n\r\nBorn on July 31, 1965, in Yate, England. She conceived the idea for her famous series in 1990 while stuck on a delayed train journey from Manchester to London. Over the next few years, while living as a struggling single mother in Edinburgh, she wrote her debut novel. In 1997, she published «Harry Potter and the Philosopher’s Stone», which changed children's literature forever.\r\n\r\nThe series quickly turned into an unprecedented global phenomenon. Every new book smashed sales records, selling millions of copies within the first 24 hours of release. In 2001, she received the Order of the British Empire (OBE) for her services to children's literature. Today, besides her magical Wizarding World, she writes critically acclaimed contemporary crime fiction under the pen name Robert Galbraith.",
    "photo": "authors/J.K._Rowling.jpg"
  }
},
{
  "model": "shop.author",
  "pk": 2,
  "fields": {
    "name": "Agatha Christie",
    "description": "The undisputed \"Queen of Crime\" and the best-selling novelist of all time, the author of 66 detective novels with a staggering total circulation of over 2 billion copies worldwide.\r\n\r\nBorn on September 15, 1890, in Torquay, England. During the First World War, she worked at a hospital dispensary, acquiring a deep knowledge of medicines and poisons that later fueled her plots. In 1920, she published her debut novel, «The Mysterious Affair at Styles», introducing the world to the legendary Belgian detective Hercule Poirot.\r\n\r\nTrue stardom arrived in 1926 with the publication of the groundbreaking thriller «The Murder of Roger Ackroyd». Christie’s books became an international phenomenon, loved for their brilliant red herrings and iconic characters like Miss Jane Marple. In 1971, she was named a Dame Commander of the Order of the British Empire for her immense contribution to literature.\r\n\r\nShe passed away on January 12, 1976, leaving behind a timeless literary legacy that still keeps readers guessing.",
    "photo": "authors/Agatha_Christie.avif"
  }
},
{
  "model": "shop.author",
  "pk": 3,
  "fields": {
    "name": "Andrzej Sapkowski",
    "description": "One of the world's most famous fantasy writers, the creator of the legendary «The Witcher» saga, which spans multiple books with a total circulation of over 30 million copies worldwide.\r\n\r\nBorn on June 21, 1948, in Łódź, Poland. Sapkowski graduated from the University of Łódź, where he studied economics, and worked for years as a senior foreign trade representative. In 1986, he wrote his first short story, «The Witcher» (Wiedźmin), for a contest held by the Polish science fiction and fantasy magazine Fantastyka, instantly capturing the readers' hearts.\r\n\r\nReal success came in the early 1990s with the publication of his short story collections and the subsequent five-novel saga about Geralt of Rivia. Sapkowski’s grim yet witty dark fantasy universe became a global bestseller. In 1997, he fully committed to his writing career, winning numerous prestigious awards, including the World Fantasy Award for Life Achievement in 2016. Today, his books inspire record-breaking video games and high-budget television adaptations.",
    "photo": "authors/Andrzej_Sapkowski.jpg"
  }
},
{
  "model": "shop.category",
  "pk": 1,
  "fields": {
    "name": "Novel",
    "slug": "novel",
    "description": "",
    "parent": null,
    "is_active": true,
    "created_at": "2026-06-25T20:29:55.543Z"
  }
},
{
  "model": "shop.category",
  "pk": 2,
  "fields": {
    "name": "Manga",
    "slug": "manga",
    "description": "",
    "parent": null,
    "is_active": true,
    "created_at": "2026-06-25T20:30:06.012Z"
  }
},
{
  "model": "shop.category",
  "pk": 3,
  "fields": {
    "name": "Book",
    "slug": "book",
    "description": "",
    "parent": null,
    "is_active": true,
    "created_at": "2026-06-26T14:52:51.235Z"
  }
},
{
  "model": "shop.product",
  "pk": 1,
  "fields": {
    "category": 3,
    "name": "Harry Potter and the Philosopher's Stone (Harry Potter, Book 1)",
    "slug": "harry-potter-and-the-philosophers-stone-harry-pott",
    "author": 1,
    "publisher": "Bloomsbury Children's Books",
    "publication_year": 2014,
    "series": 1,
    "isbn": "978-1408855652",
    "pages": 352,
    "height": 197,
    "width": 129,
    "thickness": 23,
    "language": "English",
    "age_rating": "8+",
    "description": "Harry Potter has never even heard of Hogwarts when the letters start dropping on the doormat at number four, Privet Drive. Addressed in green ink on yellowish parchment with a purple seal, they are swiftly confiscated by his grisly aunt and uncle. Then, on Harry's eleventh birthday, a great beetle-eyed giant of a man called Rubeus Hagrid bursts in with some astonishing news: Harry Potter is a wizard, and he has a place at Hogwarts School of Witchcraft and Wizardry. An incredible adventure is about to begin.",
    "price": "9.99",
    "format": "Paperback",
    "stock": 9,
    "is_available": true,
    "created_at": "2026-06-25T20:33:13.966Z",
    "modified_at": "2026-07-10T14:37:16.980Z",
    "genres": [
      1,
      14
    ]
  }
},
{
  "model": "shop.product",
  "pk": 2,
  "fields": {
    "category": 3,
    "name": "Harry Potter and the Chamber of Secrets (Harry Potter, Book 2)",
    "slug": "harry-potter-and-the-chamber-of-secrets-harry-pott",
    "author": 1,
    "publisher": "Bloomsbury Children's Books",
    "publication_year": 2014,
    "series": 1,
    "isbn": "978-1408855669",
    "pages": 384,
    "height": 198,
    "width": 129,
    "thickness": 25,
    "language": "English",
    "age_rating": "8+",
    "description": "Harry Potter can’t wait for his holidays with the dire Dursleys to end. But a small, self-punishing house-elf warns Harry of mortal danger awaiting him at Hogwarts. Returning to the castle nevertheless, Harry hears a rumour about a Chamber of Secrets, holding unknown horrors for wizards of Muggle parentage. Now someone is casting spells that turn people to stone, and a terrible warning is found painted on the wall. The chief suspect – always in the wrong place – is Harry. But something much more terrifying has yet to be unleashed. These new editions of the classic and internationally bestselling, multi-award-winning series feature instantly pick-up-able new jackets by Jonny Duddle, with huge child appeal, to bring Harry Potter to the next generation of readers. It’s time to PASS THE MAGIC ON …",
    "price": "9.99",
    "format": "Paperback",
    "stock": 9,
    "is_available": true,
    "created_at": "2026-06-25T20:37:21.655Z",
    "modified_at": "2026-07-10T14:39:29.140Z",
    "genres": [
      1,
      14
    ]
  }
},
{
  "model": "shop.product",
  "pk": 3,
  "fields": {
    "category": 3,
    "name": "Harry Potter and the Prisoner of Azkaban (Harry Potter, Book 3)",
    "slug": "harry-potter-and-the-prisoner-of-azkaban-harry-pot",
    "author": 1,
    "publisher": "Bloomsbury Children's Books",
    "publication_year": 2014,
    "series": 1,
    "isbn": "978-1408855676",
    "pages": 480,
    "height": 197,
    "width": 130,
    "thickness": 31,
    "language": "English",
    "age_rating": "9+",
    "description": "When the Knight Bus crashes through the darkness and screeches to a halt in front of him, it's the start of another far from ordinary year at Hogwarts for Harry Potter. Sirius Black, escaped mass-murderer and follower of Lord Voldemort, is on the run - and they say he is coming after Harry. In his first ever Divination class, Professor Trelawney sees an omen of death in Harry's tea leaves . But perhaps most terrifying of all are the Dementors patrolling the school grounds, with their soul-sucking Kiss .",
    "price": "9.99",
    "format": "Paperback",
    "stock": 9,
    "is_available": true,
    "created_at": "2026-06-25T20:39:20.658Z",
    "modified_at": "2026-07-10T14:40:37.892Z",
    "genres": [
      1,
      14
    ]
  }
},
{
  "model": "shop.product",
  "pk": 4,
  "fields": {
    "category": 3,
    "name": "Harry Potter and the Goblet of Fire (Harry Potter, Book 4)",
    "slug": "harry-potter-and-the-goblet-of-fire-harry-potter-b",
    "author": 1,
    "publisher": "Bloomsbury Children's Books",
    "publication_year": 2014,
    "series": 1,
    "isbn": "978-1408855683",
    "pages": 640,
    "height": 198,
    "width": 129,
    "thickness": 41,
    "language": "English",
    "age_rating": "9+",
    "description": "The Triwizard Tournament is to be held at Hogwarts. Only wizards who are over seventeen are allowed to enter - but that doesn't stop Harry dreaming that he will win the competition. Then at Hallowe'en, when the Goblet of Fire makes its selection, Harry is amazed to find his name is one of those that the magical cup picks out. He will face death-defying tasks, dragons and Dark wizards, but with the help of his best friends, Ron and Hermione, he might just make it through - alive!",
    "price": "10.99",
    "format": "Paperback",
    "stock": 9,
    "is_available": true,
    "created_at": "2026-06-25T20:41:00.825Z",
    "modified_at": "2026-07-10T14:41:03.790Z",
    "genres": [
      1,
      14
    ]
  }
},
{
  "model": "shop.product",
  "pk": 5,
  "fields": {
    "category": 3,
    "name": "Harry Potter and the Order of the Phoenix (Harry Potter, Book 5)",
    "slug": "harry-potter-and-the-order-of-the-phoenix-harry-po",
    "author": 1,
    "publisher": "Bloomsbury Children's Books",
    "publication_year": 2013,
    "series": 1,
    "isbn": "978-1408855690",
    "pages": 816,
    "height": 198,
    "width": 129,
    "thickness": 52,
    "language": "English",
    "age_rating": "9+",
    "description": "Dark times have come to Hogwarts. After the Dementors' attack on his cousin Dudley, Harry Potter knows that Voldemort will stop at nothing to find him. There are many who deny the Dark Lord's return, but Harry is not alone: a secret order gathers at Grimmauld Place to fight against the Dark forces. Harry must allow Professor Snape to teach him how to protect himself from Voldemort's savage assaults on his mind. But they are growing stronger by the day and Harry is running out of time .",
    "price": "10.99",
    "format": "Paperback",
    "stock": 9,
    "is_available": true,
    "created_at": "2026-06-25T20:42:11.608Z",
    "modified_at": "2026-07-10T14:41:30.215Z",
    "genres": [
      1,
      14
    ]
  }
},
{
  "model": "shop.product",
  "pk": 6,
  "fields": {
    "category": 3,
    "name": "Harry Potter and the Half-Blood Prince (Harry Potter, Book 6)",
    "slug": "harry-potter-and-the-half-blood-prince-harry-potte",
    "author": 1,
    "publisher": "Bloomsbury Children's Books",
    "publication_year": 2013,
    "series": 1,
    "isbn": "978-1408855942",
    "pages": 560,
    "height": 198,
    "width": 130,
    "thickness": 40,
    "language": "English",
    "age_rating": "9+",
    "description": "Suspicion and fear blow through the wizarding world as news of the Dark Lord's attack on the Ministry of Magic spreads. Harry has not told anyone about the future predicted by the prophecy in the Department of Mysteries, nor how deeply what happened to Sirius Black affected him. He's desperate for Professor Dumbledore to arrive and take him away from the Dursley's - but Hogwarts may not be the safe haven from Voldemort's Dark Forces that it once was.",
    "price": "11.99",
    "format": "Paperback",
    "stock": 9,
    "is_available": true,
    "created_at": "2026-06-25T20:43:31.969Z",
    "modified_at": "2026-07-10T14:42:35.947Z",
    "genres": [
      1,
      14
    ]
  }
},
{
  "model": "shop.product",
  "pk": 7,
  "fields": {
    "category": 3,
    "name": "Harry Potter and the Deathly Hallows (Harry Potter, Book 7)",
    "slug": "harry-potter-and-the-deathly-hallows-harry-potter",
    "author": 1,
    "publisher": "Bloomsbury Children's Books",
    "publication_year": 2014,
    "series": 1,
    "isbn": "978-1408855713",
    "pages": 640,
    "height": 197,
    "width": 126,
    "thickness": 41,
    "language": "English",
    "age_rating": "9+",
    "description": "As he climbs into the sidecar of Hagrid's motorbike and takes to the skies, leaving Privet Drive for the last time, Harry Potter knows that Lord Voldemort and the Death Eaters are not far behind. The protective charm that has kept Harry safe until now is broken, but he cannot keep hiding. The Dark Lord is breathing fear into everything Harry loves, and to stop him Harry will have to find and destroy the remaining Horcruxes. The final battle must begin - Harry must stand and face his enemy.",
    "price": "11.99",
    "format": "Paperback",
    "stock": 9,
    "is_available": true,
    "created_at": "2026-06-25T20:44:36.987Z",
    "modified_at": "2026-07-10T14:43:04.976Z",
    "genres": [
      1,
      14
    ]
  }
},
{
  "model": "shop.product",
  "pk": 8,
  "fields": {
    "category": 3,
    "name": "The Murder of Roger Ackroyd: A Hercule Poirot Mystery",
    "slug": "the-murder-of-roger-ackroyd-a-hercule-poirot-myste",
    "author": 2,
    "publisher": "Hercule Poirot",
    "publication_year": 2011,
    "series": null,
    "isbn": "978-0062073563",
    "pages": 304,
    "height": 196,
    "width": 134,
    "thickness": 20,
    "language": "English",
    "age_rating": "12+",
    "description": "Roger Ackroyd knew too much. He knew that the woman he loved had poisoned her brutal first husband. He suspected also that someone had been blackmailing her. Then, tragically, came the news that she had taken her own life with an apparent drug overdose.\r\n\r\nHowever the evening post brought Roger one last fatal scrap of information, but before he could finish reading the letter, he was stabbed to death. Luckily one of Roger’s friends and the newest resident to retire to this normally quiet village takes over—none other than Monsieur Hercule Poirot.",
    "price": "11.99",
    "format": "Hardcover",
    "stock": 9,
    "is_available": true,
    "created_at": "2026-06-26T14:57:12.496Z",
    "modified_at": "2026-07-10T14:45:05.742Z",
    "genres": [
      2,
      3,
      4,
      5
    ]
  }
},
{
  "model": "shop.product",
  "pk": 9,
  "fields": {
    "category": 3,
    "name": "The Last Wish: Illustrated Edition (The Witcher, 1)",
    "slug": "the-last-wish-illustrated-edition",
    "author": 3,
    "publisher": "Orbit",
    "publication_year": 2021,
    "series": 2,
    "isbn": "978-0316333528",
    "pages": 336,
    "height": 243,
    "width": 160,
    "thickness": 30,
    "language": "English",
    "age_rating": "16+",
    "description": "The perfect entry point into the Witcher universe. This collection of spellbinding short stories introduces Geralt of Rivia as he travels the Continent, hunting down strigas, vampires, and ghouls for coin. Yet, he quickly learns that the most monstrous beasts are often those hiding beneath a human face. This volume also marks the beginning of the tempestuous, fate-bound romance between the witcher and the beautiful, dangerous sorceress Yennefer of Vengerberg.\r\n\r\nBackground (Short Story Collections)",
    "price": "29.99",
    "format": "Hardcover",
    "stock": 9,
    "is_available": true,
    "created_at": "2026-07-03T19:20:27.346Z",
    "modified_at": "2026-07-10T14:30:51.939Z",
    "genres": [
      1
    ]
  }
},
{
  "model": "shop.product",
  "pk": 10,
  "fields": {
    "category": 3,
    "name": "Sword of Destiny: Illustrated Edition (The Witcher, 2)",
    "slug": "sword-of-destiny-illustrated-edition-the-witcher-2",
    "author": 3,
    "publisher": "Orbit",
    "publication_year": 2022,
    "series": 2,
    "isbn": "978-0316453264",
    "pages": 416,
    "height": 243,
    "width": 161,
    "thickness": 34,
    "language": "English",
    "age_rating": "16+",
    "description": "Description: The second collection of tales that lays the groundwork for the epic events to come. As Geralt continues his lonely crusade against monsters, his own life undergoes a dramatic shift. He finds himself face-to-face with his Destiny in the form of Ciri, a young princess of a fallen kingdom. Packed with ancient prophecies, elven secrets, and bitter philosophical dilemmas, this book questions whether there is still a place for witchers in a rapidly changing world.\r\n\r\nBackground (Short Story Collections)",
    "price": "29.99",
    "format": "Hardcover",
    "stock": 9,
    "is_available": true,
    "created_at": "2026-07-03T19:25:25.315Z",
    "modified_at": "2026-07-10T14:30:36.125Z",
    "genres": [
      8,
      10,
      1
    ]
  }
},
{
  "model": "shop.product",
  "pk": 11,
  "fields": {
    "category": 3,
    "name": "Blood of Elves (The Witcher, 3)",
    "slug": "blood-of-elves-the-witcher-3",
    "author": 3,
    "publisher": "Orbit",
    "publication_year": 2022,
    "series": 2,
    "isbn": "978-0316453363",
    "pages": 368,
    "height": 243,
    "width": 160,
    "thickness": 39,
    "language": "English",
    "age_rating": "16+",
    "description": "The first full-length novel that kicks off the main epic saga. As the threat of a devastating war with the ruthless Nilfgaardian Empire looms over the Continent, a young girl named Ciri becomes the target of international espionage. Possessing a mysterious and terrifying magical heritage, she must be protected at all costs. Geralt takes her to the witcher stronghold of Kaer Morhen to train her in the art of the sword, while the sorceress Triss Merigold tries to keep her awakening powers under control.\r\n\r\nThe Main Saga (The Ciri and Geralt Cycle)",
    "price": "23.99",
    "format": "Hardcover",
    "stock": 0,
    "is_available": true,
    "created_at": "2026-07-03T19:30:45.676Z",
    "modified_at": "2026-07-10T14:46:33.696Z",
    "genres": [
      1,
      14,
      13
    ]
  }
},
{
  "model": "shop.product",
  "pk": 12,
  "fields": {
    "category": 3,
    "name": "The Time of Contempt (The Witcher, 4)",
    "slug": "the-time-of-contempt-the-witcher-4",
    "author": 3,
    "publisher": "Orbit",
    "publication_year": 2022,
    "series": 2,
    "isbn": "978-0316451550",
    "pages": 400,
    "height": 243,
    "width": 163,
    "thickness": 39,
    "language": "English",
    "age_rating": "18+",
    "description": "Political intrigue and dangerous conspiracies among the world's most powerful mages reach a boiling point. The Continent plunges into the chaos of a brand-new war when a bloody mutiny erupts during a grand gathering of wizards on the island of Thanedd. Severely wounded while trying to protect his loved ones, Geralt is separated from Yennefer, while Ciri finds herself entirely alone, fighting for survival in the deadly Korath desert.\r\n\r\nThe Main Saga (The Ciri and Geralt Cycle)",
    "price": "23.99",
    "format": "Hardcover",
    "stock": 9,
    "is_available": true,
    "created_at": "2026-07-03T19:35:21.109Z",
    "modified_at": "2026-07-10T14:31:38.012Z",
    "genres": [
      1,
      16,
      15
    ]
  }
},
{
  "model": "shop.product",
  "pk": 13,
  "fields": {
    "category": 3,
    "name": "Baptism of Fire (The Witcher, 5)",
    "slug": "baptism-of-fire-the-witcher-5",
    "author": 3,
    "publisher": "Orbit",
    "publication_year": 2022,
    "series": 2,
    "isbn": "978-0316456906",
    "pages": 416,
    "height": 243,
    "width": 164,
    "thickness": 44,
    "language": "English",
    "age_rating": "16+",
    "description": "While the Continent burns in the fires of war, a recovering Geralt sets out on a desperate quest to find and rescue a missing Ciri. Along the way, a colorful and fiercely loyal band of companions rallies around him: the poet Dandelion, the fierce archer Milva, the Nilfgaardian knight Cahir, the dwarf Zoltan Chivay, and the enigmatic medic Regis. This is a story of true friendship, honor, and the baptism by fire they must all endure for the sake of an innocent child.\r\n\r\nThe Main Saga (The Ciri and Geralt Cycle)",
    "price": "23.99",
    "format": "Hardcover",
    "stock": 7,
    "is_available": true,
    "created_at": "2026-07-03T19:44:00.671Z",
    "modified_at": "2026-07-10T14:32:01.957Z",
    "genres": [
      8,
      10,
      1,
      16,
      15
    ]
  }
},
{
  "model": "shop.product",
  "pk": 14,
  "fields": {
    "category": 3,
    "name": "The Tower of Swallows (The Witcher, 6)",
    "slug": "the-tower-of-swallows-the-witcher-6",
    "author": 3,
    "publisher": "Orbit",
    "publication_year": 2022,
    "series": 2,
    "isbn": "978-0316457033",
    "pages": 528,
    "height": 245,
    "width": 165,
    "thickness": 48,
    "language": "English",
    "age_rating": "18+",
    "description": "The world believes Ciri is either dead or captured by the Emperor, but she is actually recovering from severe wounds in a remote swamp under the care of an old hermit. Having survived betrayal, slavery, and the cruelty of the \"Rats\" bandit gang, Ciri gathers her strength to face her hunters and the merciless assassin Leo Bonart. Her only chance at salvation lies in finding the legendary Tower of the Swallow—a gateway to other worlds.\r\n\r\nThe Main Saga (The Ciri and Geralt Cycle)",
    "price": "23.99",
    "format": "Hardcover",
    "stock": 9,
    "is_available": true,
    "created_at": "2026-07-03T19:47:40.433Z",
    "modified_at": "2026-07-10T14:32:43.740Z",
    "genres": [
      1,
      19
    ]
  }
},
{
  "model": "shop.product",
  "pk": 15,
  "fields": {
    "category": 3,
    "name": "The Lady of the Lake (The Witcher, 7)",
    "slug": "the-lady-of-the-lake-the-witcher-7",
    "author": 3,
    "publisher": "Orbit",
    "publication_year": 2022,
    "series": 2,
    "isbn": "978-0316457132",
    "pages": 560,
    "height": 244,
    "width": 164,
    "thickness": 55,
    "language": "English",
    "age_rating": "18+",
    "description": "The grand, dramatic conclusion to the world-famous saga. Having mastered her ability to travel through space and time, Ciri desperately searches for the way back to her home world. Meanwhile, the armies of the Northern Kingdoms clash in a final, apocalyptic battle against the legions of Nilfgaard at Brenna. As Geralt and Yennefer storm the castle of the villainous mage Vilgefortz, the fates of all characters collide in a bittersweet and unforgettable finale.\r\n\r\nThe Main Saga (The Ciri and Geralt Cycle)",
    "price": "23.99",
    "format": "Hardcover",
    "stock": 9,
    "is_available": true,
    "created_at": "2026-07-03T19:53:10.604Z",
    "modified_at": "2026-07-10T14:33:24.062Z",
    "genres": [
      1,
      19
    ]
  }
},
{
  "model": "shop.product",
  "pk": 16,
  "fields": {
    "category": 3,
    "name": "Season of Storms (The Witcher, 8)",
    "slug": "season-of-storms-the-witcher-8",
    "author": 3,
    "publisher": "Orbit",
    "publication_year": 2022,
    "series": 2,
    "isbn": "978-0316457231",
    "pages": 432,
    "height": 245,
    "width": 163,
    "thickness": 44,
    "language": "English",
    "age_rating": "18+",
    "description": "A standalone companion novel set during the events of the very first book. Geralt finds his signature witcher swords stolen, leaving him vulnerable and weaponless. In his quest to recover them, the White Wolf is dragged into courtly intrigues, faces the horrific experiments of rogue mages, and experiences a passionate affair with the sorceress Lytta Neyd, known as Coral. A fantastic standalone adventure in the style of Sapkowski’s earliest work.\r\n\r\nPrequel",
    "price": "23.99",
    "format": "Hardcover",
    "stock": 9,
    "is_available": true,
    "created_at": "2026-07-03T19:57:44.779Z",
    "modified_at": "2026-07-10T14:33:46.562Z",
    "genres": [
      8,
      1,
      14
    ]
  }
},
{
  "model": "shop.product",
  "pk": 17,
  "fields": {
    "category": 3,
    "name": "Crossroads of Ravens (The Witcher, 0)",
    "slug": "crossroads-of-ravens-the-witcher-0",
    "author": 3,
    "publisher": "Orbit",
    "publication_year": 2025,
    "series": 2,
    "isbn": "978-0316597739",
    "pages": 400,
    "height": 245,
    "width": 164,
    "thickness": 33,
    "language": "English",
    "age_rating": "18+",
    "description": "The latest standalone prequel to the legendary saga. Years of brutal training are over, and eighteen-year-old Geralt of Rivia leaves the safety of Kaer Morhen to hit the Witcher’s Trail for the very first time. Not yet the famous White Wolf, he is inexperienced, prone to mistakes, and just learning to survive in a world that fears and hates mutants. A gripping tale of first contracts, youthful idealism, and the dawn of the world's greatest monster hunter.\r\n\r\nPrequel",
    "price": "23.99",
    "format": "Hardcover",
    "stock": 1,
    "is_available": true,
    "created_at": "2026-07-03T20:03:38.272Z",
    "modified_at": "2026-07-10T14:46:33.741Z",
    "genres": [
      21,
      8,
      1
    ]
  }
},
{
  "model": "shop.productimage",
  "pk": 1,
  "fields": {
    "product": 1,
    "image": "products/Harry_Potter_and_the_Philosophers_Stone.jpg",
    "alt_text": ""
  }
},
{
  "model": "shop.productimage",
  "pk": 2,
  "fields": {
    "product": 2,
    "image": "products/Harry_Potter_and_the_Chamber_of_Secrets.jpg",
    "alt_text": ""
  }
},
{
  "model": "shop.productimage",
  "pk": 3,
  "fields": {
    "product": 3,
    "image": "products/Harry_Potter_and_the_Prisoner_of_Azkaban.jpg",
    "alt_text": ""
  }
},
{
  "model": "shop.productimage",
  "pk": 4,
  "fields": {
    "product": 4,
    "image": "products/Harry_Potter_and_the_Goblet_of_Fire.jpg",
    "alt_text": ""
  }
},
{
  "model": "shop.productimage",
  "pk": 5,
  "fields": {
    "product": 5,
    "image": "products/Harry_Potter_and_the_Order_of_the_Phoenix.jpg",
    "alt_text": ""
  }
},
{
  "model": "shop.productimage",
  "pk": 6,
  "fields": {
    "product": 6,
    "image": "products/Harry_Potter_and_the_Half-Blood_Prince.jpg",
    "alt_text": ""
  }
},
{
  "model": "shop.productimage",
  "pk": 7,
  "fields": {
    "product": 7,
    "image": "products/Harry_Potter_and_the_Deathly_Hallows.jpg",
    "alt_text": ""
  }
},
{
  "model": "shop.productimage",
  "pk": 8,
  "fields": {
    "product": 8,
    "image": "products/The_Murder_of_Roger_Ackroyd_A_Hercule_Poirot_Mystery.jpg",
    "alt_text": ""
  }
},
{
  "model": "shop.productimage",
  "pk": 9,
  "fields": {
    "product": 9,
    "image": "products/The_Last_Wish_Illustrated_Edition_The_Witcher_1.jpg",
    "alt_text": ""
  }
},
{
  "model": "shop.productimage",
  "pk": 10,
  "fields": {
    "product": 10,
    "image": "products/Sword_of_Destiny_Illustrated_Edition_The_Witcher_2.jpg",
    "alt_text": ""
  }
},
{
  "model": "shop.productimage",
  "pk": 11,
  "fields": {
    "product": 11,
    "image": "products/Blood_of_Elves_The_Witcher_3.jpg",
    "alt_text": ""
  }
},
{
  "model": "shop.productimage",
  "pk": 12,
  "fields": {
    "product": 12,
    "image": "products/The_Time_of_Contempt_The_Witcher_4.jpg",
    "alt_text": ""
  }
},
{
  "model": "shop.productimage",
  "pk": 13,
  "fields": {
    "product": 13,
    "image": "products/Baptism_of_Fire_The_Witcher_5.jpg",
    "alt_text": ""
  }
},
{
  "model": "shop.productimage",
  "pk": 14,
  "fields": {
    "product": 14,
    "image": "products/The_Tower_of_Swallows_The_Witcher_6.jpg",
    "alt_text": ""
  }
},
{
  "model": "shop.productimage",
  "pk": 15,
  "fields": {
    "product": 15,
    "image": "products/The_Lady_of_the_Lake_The_Witcher_7.jpg",
    "alt_text": ""
  }
},
{
  "model": "shop.productimage",
  "pk": 16,
  "fields": {
    "product": 16,
    "image": "products/Season_of_Storms_The_Witcher_8.jpg",
    "alt_text": ""
  }
},
{
  "model": "shop.productimage",
  "pk": 17,
  "fields": {
    "product": 17,
    "image": "products/Crossroads_of_Ravens_The_Witcher.jpg",
    "alt_text": ""
  }
},
{
  "model": "shop.carouselbanner",
  "pk": 3,
  "fields": {
    "title": "Fantesy",
    "description": "",
    "image": "carousel_banners/Gemini_Generated_Image_bbn5k9bbn5k9bbn5.png",
    "link": "catalog/?series=2",
    "is_active": true,
    "created_at": "2026-07-08T23:38:41.861Z"
  }
},
{
  "model": "shop.carouselbanner",
  "pk": 4,
  "fields": {
    "title": "Summer sales",
    "description": "",
    "image": "carousel_banners/Gemini_Generated_Image_g86pvjg86pvjg86p.png",
    "link": "catalog/",
    "is_active": true,
    "created_at": "2026-07-08T23:48:17.573Z"
  }
},
{
  "model": "shop.carouselbanner",
  "pk": 5,
  "fields": {
    "title": "Placeholder",
    "description": "",
    "image": "carousel_banners/Gemini_Generated_Image_ooymv0ooymv0ooym.png",
    "link": "about/",
    "is_active": true,
    "created_at": "2026-07-09T00:00:56.586Z"
  }
},
{
  "model": "shop.discount",
  "pk": 1,
  "fields": {
    "name": "Summer Sale",
    "discount_percent": 35,
    "start_date": "2026-06-01T00:00:00Z",
    "end_date": "2026-09-01T00:00:00Z",
    "is_active": true,
    "categories": [],
    "genres": [],
    "series": [],
    "products": []
  }
},
{
  "model": "shop.review",
  "pk": 6,
  "fields": {
    "product": 13,
    "user": 3,
    "text": "It's a great book,",
    "rating": 5,
    "is_verified_purchase": true,
    "created_at": "2026-07-10T02:21:45.821Z"
  }
},
{
  "model": "shop.review",
  "pk": 7,
  "fields": {
    "product": 13,
    "user": 9,
    "text": "Not bad,",
    "rating": 4,
    "is_verified_purchase": true,
    "created_at": "2026-07-10T14:12:48.126Z"
  }
}
]
